,Буллиты,Дата,Команда_1,Команда_2,Номер,Овертайм,Период_1,Период_2,Период_3
0,:,2014-09-03,Металлург Мг,Динамо Мск,1,:,3:1,2:0,1:0
1,:,2014-09-04,Амур,Адмирал,2,:,1:2,2:1,2:1
2,:,2014-09-04,Авангард,Металлург Нк,3,:,0:0,0:1,0:0
3,:,2014-09-04,Барыс,Салават Юлаев,4,:,3:0,0:4,2:0
4,:,2014-09-04,Ак Барс,Автомобилист,5,:,0:0,3:1,0:1
5,:,2014-09-04,Лада,Югра,6,:,1:1,0:1,1:3
6,:,2014-09-04,Нефтехимик,Трактор,7,:,2:0,1:0,1:1
7,:,2014-09-04,Северсталь,Торпедо НН,8,:,0:0,0:0,0:2
8,:,2014-09-04,СКА,Локомотив,9,:,2:2,2:1,1:0
9,:,2014-09-04,Йокерит,Динамо Мн,10,0:1,1:1,1:1,2:2
10,:,2014-09-04,Слован,Медвешчак,11,:,2:0,1:1,2:1
11,:,2014-09-05,Динамо Мск,ЦСКА,12,:,1:2,0:1,0:1
12,:,2014-09-06,Авангард,Адмирал,13,:,1:0,2:1,1:1
13,:,2014-09-06,Сибирь,Металлург Нк,14,:,3:0,2:1,1:0
14,:,2014-09-06,Автомобилист,Медвешчак,15,:,0:1,2:1,1:0
15,1:0,2014-09-06,Барыс,Амур,16,0:0,1:0,1:2,0:0
16,:,2014-09-06,Металлург Мг,Слован,17,:,1:2,1:0,0:1
17,:,2014-09-06,Салават Юлаев,Витязь,18,:,2:1,0:0,4:0
18,:,2014-09-06,Ак Барс,Атлант,19,:,0:1,0:1,1:2
19,:,2014-09-06,Северсталь,Трактор,20,:,2:2,0:0,0:1
20,:,2014-09-06,Торпедо НН,Югра,21,:,1:0,0:1,0:2
21,:,2014-09-06,СКА,ХК Сочи,22,:,0:1,2:0,1:1
22,:,2014-09-06,Динамо Р,Динамо Мн,23,:,0:1,1:0,3:1
23,:,2014-09-06,Йокерит,Локомотив,24,:,1:1,2:0,0:1
24,:,2014-09-08,Авангард,Витязь,25,:,2:4,2:1,4:0
25,:,2014-09-08,Автомобилист,Слован,26,:,0:0,1:1,0:2
26,:,2014-09-08,Барыс,Адмирал,27,:,3:0,0:0,1:0
27,:,2014-09-08,Металлург Мг,Атлант,28,:,1:0,0:1,3:0
28,:,2014-09-08,Салават Юлаев,Амур,29,:,0:2,0:1,3:2
29,:,2014-09-08,Ак Барс,Медвешчак,30,:,1:0,2:0,1:2
30,:,2014-09-08,Лада,Нефтехимик,31,1:0,1:2,2:1,0:0
31,:,2014-09-08,Северсталь,Динамо Мск,32,:,1:1,1:1,0:1
32,0:1,2014-09-08,Торпедо НН,Трактор,33,0:0,1:2,2:2,1:0
33,:,2014-09-08,ЦСКА,Югра,34,:,2:0,1:0,1:3
34,:,2014-09-08,СКА,Динамо Мн,35,:,1:1,2:1,2:0
35,:,2014-09-08,Йокерит,ХК Сочи,36,:,1:0,1:0,1:0
36,:,2014-09-08,Динамо Р,Локомотив,37,:,0:0,2:3,0:2
37,:,2014-09-09,Металлург Нк,Сибирь,38,0:1,2:1,0:0,0:1
38,:,2014-09-10,Авангард,Амур,39,:,3:0,1:1,0:0
39,0:1,2014-09-10,Автомобилист,Атлант,40,0:0,1:1,0:1,2:1
40,:,2014-09-10,Барыс,Витязь,41,:,0:1,0:1,0:0
41,:,2014-09-10,Металлург Мг,Медвешчак,42,:,2:0,1:0,3:0
42,:,2014-09-10,Салават Юлаев,Адмирал,43,:,1:3,3:1,2:0
43,:,2014-09-10,Ак Барс,Слован,44,:,2:2,0:0,2:1
44,:,2014-09-10,Северсталь,Югра,45,:,0:1,4:1,0:0
45,:,2014-09-10,ЦСКА,Трактор,46,:,1:0,0:0,1:0
46,:,2014-09-10,Динамо Р,ХК Сочи,47,:,0:0,0:1,1:1
47,:,2014-09-11,Нефтехимик,Лада,48,:,3:0,1:2,0:0
48,:,2014-09-12,Динамо Мн,Атлант,49,:,1:0,1:0,1:2
49,:,2014-09-13,Металлург Нк,Барыс,50,:,0:2,2:3,0:0
50,:,2014-09-13,Сибирь,Авангард,51,:,0:1,2:2,1:2
51,:,2014-09-13,Трактор,Йокерит,52,:,1:0,0:2,0:0
52,:,2014-09-13,Витязь,Автомобилист,53,:,0:1,1:0,5:0
53,:,2014-09-13,Динамо Мск,Ак Барс,54,:,1:1,2:1,0:0
54,:,2014-09-13,Лада,СКА,55,:,0:2,1:0,1:2
55,:,2014-09-13,Локомотив,Металлург Мг,56,:,0:2,0:1,1:1
56,:,2014-09-13,Нефтехимик,Динамо Р,57,:,0:0,2:3,0:0
57,:,2014-09-14,Амур,Салават Юлаев,58,:,0:0,0:1,0:1
58,:,2014-09-14,Динамо Мн,ЦСКА,59,:,2:0,1:1,0:1
59,0:1,2014-09-14,Слован,Торпедо НН,60,0:0,1:2,1:0,0:0
60,:,2014-09-14,Медвешчак,Северсталь,61,:,2:0,2:1,1:1
61,:,2014-09-15,Амур,Салават Юлаев,62,:,0:1,1:2,1:0
62,:,2014-09-15,Металлург Нк,Авангард,63,1:0,0:0,0:1,1:0
63,:,2014-09-15,Сибирь,Барыс,64,:,1:1,0:0,3:0
64,:,2014-09-15,Трактор,СКА,65,:,0:4,2:2,0:0
65,:,2014-09-15,Югра,Йокерит,66,0:1,0:0,1:1,0:0
66,:,2014-09-15,Витязь,Металлург Мг,67,:,0:1,0:1,1:2
67,:,2014-09-15,Лада,Динамо Р,68,1:0,2:1,0:0,0:1
68,0:1,2014-09-15,Локомотив,Ак Барс,69,0:0,1:2,1:0,0:0
69,:,2014-09-15,ХК Сочи,Автомобилист,70,:,2:2,2:0,2:1
70,:,2014-09-16,Атлант,ЦСКА,71,:,0:0,0:3,0:0
71,:,2014-09-16,Слован,Северсталь,72,:,0:2,0:1,0:0
72,:,2014-09-16,Медвешчак,Торпедо НН,73,:,1:2,0:0,0:2
73,:,2014-09-17,Амур,Авангард,74,:,0:1,0:3,0:0
74,:,2014-09-17,Адмирал,Барыс,75,:,2:1,1:1,0:0
75,:,2014-09-17,Металлург Нк,Салават Юлаев,76,:,0:0,2:1,1:1
76,1:0,2014-09-17,Трактор,Динамо Р,77,0:0,0:1,1:0,0:0
77,:,2014-09-17,Югра,СКА,78,:,0:4,2:0,1:0
78,:,2014-09-17,Локомотив,Автомобилист,79,:,0:0,0:0,2:0
79,:,2014-09-17,Нефтехимик,Йокерит,80,:,1:4,3:1,1:2
80,:,2014-09-17,ХК Сочи,Ак Барс,81,:,0:4,0:0,0:1
81,0:1,2014-09-17,Динамо Мск,Металлург Мг,82,0:0,0:0,0:0,0:0
82,1:0,2014-09-18,Амур,Авангард,83,0:0,0:0,1:0,0:1
83,:,2014-09-18,Адмирал,Барыс,84,:,0:1,2:0,2:1
84,:,2014-09-18,Атлант,Торпедо НН,85,:,1:0,1:0,1:1
85,0:1,2014-09-18,Динамо Мн,Северсталь,86,0:0,0:0,3:1,0:2
86,:,2014-09-18,Медвешчак,ЦСКА,87,:,1:2,1:0,0:1
87,:,2014-09-19,Сибирь,Салават Юлаев,88,:,0:0,2:1,1:0
88,:,2014-09-19,Югра,Динамо Р,89,:,2:1,0:1,3:0
89,:,2014-09-19,Витязь,Ак Барс,90,0:1,1:0,1:0,0:2
90,:,2014-09-19,Лада,Йокерит,91,:,0:1,0:1,1:0
91,:,2014-09-19,Нефтехимик,СКА,92,:,1:2,0:0,0:3
92,:,2014-09-19,ХК Сочи,Металлург Мг,93,:,1:0,0:1,0:1
93,:,2014-09-19,Динамо Мск,Автомобилист,94,:,2:1,1:1,1:0
94,:,2014-09-20,Атлант,Северсталь,95,:,0:3,2:1,0:1
95,:,2014-09-20,Динамо Мн,Торпедо НН,96,:,1:0,2:0,0:0
96,:,2014-09-20,Слован,ЦСКА,97,:,0:1,0:1,1:2
97,:,2014-09-21,Барыс,Металлург Нк,98,1:0,0:0,0:0,0:0
98,:,2014-09-21,Динамо Мск,Трактор,99,:,1:0,1:0,2:1
99,:,2014-09-21,Медвешчак,Лада,100,:,1:0,0:1,4:0
100,:,2014-09-22,Авангард,Локомотив,101,:,1:0,2:2,1:0
101,:,2014-09-23,Автомобилист,Металлург Нк,102,:,0:3,0:0,2:0
102,:,2014-09-23,Металлург Мг,Сибирь,103,:,1:0,0:1,1:0
103,:,2014-09-23,Салават Юлаев,Динамо Мск,104,:,2:0,0:3,0:1
104,0:1,2014-09-23,Югра,Трактор,105,0:0,2:1,1:0,0:2
105,:,2014-09-23,Ак Барс,Амур,106,:,1:1,2:0,0:0
106,0:1,2014-09-23,Северсталь,Нефтехимик,107,0:0,0:1,1:1,1:0
107,:,2014-09-23,Торпедо НН,Динамо Мн,108,0:1,0:0,1:1,0:0
108,:,2014-09-23,ЦСКА,Лада,109,:,0:0,1:0,2:0
109,:,2014-09-23,СКА,Адмирал,110,:,0:1,2:2,2:0
110,:,2014-09-23,Йокерит,Витязь,111,:,2:1,0:2,1:1
111,:,2014-09-23,Динамо Р,Атлант,112,:,1:1,2:0,1:1
112,0:1,2014-09-24,Барыс,Локомотив,113,0:0,1:0,1:2,1:1
113,:,2014-09-24,Слован,Медвешчак,114,:,0:0,1:2,0:2
114,:,2014-09-25,Автомобилист,Сибирь,115,0:1,2:1,0:1,0:0
115,:,2014-09-25,Металлург Мг,Амур,116,:,0:2,5:0,2:0
116,0:1,2014-09-25,Ак Барс,Металлург Нк,117,0:0,1:1,0:0,0:0
117,:,2014-09-25,Северсталь,Динамо Мн,118,:,0:0,1:2,0:1
118,:,2014-09-25,Торпедо НН,Лада,119,:,2:0,0:0,1:0
119,:,2014-09-25,ХК Сочи,Динамо Мск,120,:,0:1,0:0,0:0
120,:,2014-09-25,ЦСКА,Нефтехимик,121,:,4:2,1:0,1:1
121,:,2014-09-25,СКА,Атлант,122,:,2:1,3:2,0:1
122,:,2014-09-25,Йокерит,Адмирал,123,:,1:1,2:2,4:0
123,0:1,2014-09-25,Динамо Р,Витязь,124,0:0,0:0,0:0,0:0
124,:,2014-09-26,Салават Юлаев,Локомотив,125,:,0:0,3:0,2:2
125,:,2014-09-26,Трактор,Югра,126,:,2:0,1:0,1:2
126,:,2014-09-26,Медвешчак,Слован,127,:,0:1,0:0,1:2
127,:,2014-09-27,Авангард,ХК Сочи,128,:,3:0,3:1,2:0
128,:,2014-09-27,Автомобилист,Амур,129,:,1:0,1:1,1:0
129,:,2014-09-27,Барыс,Динамо Мск,130,:,0:0,1:2,0:0
130,:,2014-09-27,Металлург Мг,Металлург Нк,131,:,1:0,2:1,1:0
131,:,2014-09-27,Ак Барс,Сибирь,132,:,4:0,0:0,1:2
132,:,2014-09-27,Северсталь,Лада,133,:,3:1,0:1,1:1
133,:,2014-09-27,СКА,Витязь,134,:,1:0,1:1,5:0
134,:,2014-09-27,Торпедо НН,Нефтехимик,135,0:1,0:0,3:2,2:3
135,:,2014-09-27,ЦСКА,Динамо Мн,136,:,1:0,1:0,0:0
136,:,2014-09-27,Динамо Р,Адмирал,137,:,1:0,1:1,2:1
137,:,2014-09-27,Йокерит,Атлант,138,:,2:1,2:1,0:0
138,:,2014-09-29,Локомотив,ХК Сочи,139,:,0:1,3:0,1:0
139,1:0,2014-09-29,Слован,Динамо Мн,140,0:0,0:0,1:1,1:1
140,:,2014-09-29,Йокерит,Динамо Р,647,:,1:1,1:1,1:0
141,:,2014-09-29,Медвешчак,СКА,840,:,1:2,0:2,0:1
142,:,2014-09-30,Амур,Северсталь,141,:,0:1,1:3,3:1
143,:,2014-09-30,Адмирал,Торпедо НН,142,:,0:1,1:0,3:0
144,:,2014-09-30,Сибирь,ЦСКА,143,:,0:0,1:1,1:2
145,:,2014-09-30,Автомобилист,Металлург Мг,144,:,0:2,1:2,0:0
146,:,2014-09-30,Трактор,Авангард,145,:,0:0,1:3,1:1
147,:,2014-09-30,Югра,Барыс,146,:,0:0,0:0,1:2
148,:,2014-09-30,Лада,Салават Юлаев,147,:,0:1,0:0,0:1
149,:,2014-09-30,Нефтехимик,Ак Барс,148,:,2:0,0:2,0:1
150,:,2014-09-30,Динамо Мск,Витязь,149,:,4:1,1:2,1:1
151,:,2014-10-01,Атлант,Йокерит,150,0:1,1:2,1:0,1:1
152,:,2014-10-01,Слован,Динамо Р,151,:,4:0,0:1,1:0
153,:,2014-10-01,Медвешчак,СКА,152,:,0:2,0:2,0:1
154,:,2014-10-02,Амур,Торпедо НН,153,:,0:2,2:1,0:4
155,1:0,2014-10-02,Адмирал,Северсталь,154,0:0,2:2,2:2,0:0
156,:,2014-10-02,Металлург Нк,ЦСКА,155,:,1:3,0:1,0:2
157,:,2014-10-02,Автомобилист,Ак Барс,156,:,1:3,1:0,1:2
158,:,2014-10-02,Трактор,Барыс,157,:,1:2,1:1,2:3
159,:,2014-10-02,Югра,Авангард,158,:,0:0,3:2,0:0
160,:,2014-10-02,Лада,Металлург Мг,159,:,1:1,2:0,0:1
161,:,2014-10-02,Локомотив,Динамо Мск,160,:,1:0,3:1,0:1
162,:,2014-10-02,Нефтехимик,Салават Юлаев,161,:,0:0,0:3,0:1
163,:,2014-10-03,Атлант,СКА,162,:,1:0,2:0,1:3
164,:,2014-10-03,Динамо Мн,Йокерит,163,:,1:3,1:0,0:0
165,:,2014-10-03,Медвешчак,Динамо Р,164,:,1:0,1:1,1:1
166,:,2014-10-04,Адмирал,ЦСКА,165,:,0:0,0:4,0:1
167,:,2014-10-04,Металлург Нк,Торпедо НН,166,:,0:3,1:2,0:1
168,:,2014-10-04,Сибирь,Северсталь,167,:,0:0,0:0,1:0
169,:,2014-10-04,Трактор,Салават Юлаев,168,0:1,0:1,0:0,1:0
170,:,2014-10-04,Югра,Металлург Мг,169,:,1:2,0:0,0:0
171,1:0,2014-10-04,Лада,Барыс,170,0:0,0:0,0:0,1:1
172,:,2014-10-04,Нефтехимик,Авангард,171,:,0:0,0:1,3:3
173,:,2014-10-05,Ак Барс,Автомобилист,172,:,1:1,0:0,1:0
174,:,2014-10-05,Витязь,Локомотив,173,:,1:0,0:1,2:1
175,:,2014-10-05,Динамо Мск,ХК Сочи,174,1:0,0:0,1:0,0:1
176,:,2014-10-06,Амур,ЦСКА,175,:,1:2,0:0,0:0
177,:,2014-10-06,Сибирь,Торпедо НН,176,:,1:0,0:3,1:0
178,:,2014-10-06,Металлург Нк,Северсталь,177,:,1:2,0:2,2:3
179,:,2014-10-06,Югра,Салават Юлаев,178,:,0:0,0:2,1:0
180,:,2014-10-06,Лада,Авангард,179,:,1:0,1:0,1:1
181,0:1,2014-10-06,Нефтехимик,Барыс,180,0:0,1:1,3:1,0:2
182,:,2014-10-06,СКА,Слован,181,:,1:0,3:1,3:1
183,:,2014-10-06,Йокерит,Медвешчак,182,:,0:1,2:2,0:0
184,:,2014-10-06,Динамо Р,Динамо Мн,183,:,0:1,1:0,0:2
185,:,2014-10-07,Витязь,ХК Сочи,184,:,0:2,2:1,0:1
186,:,2014-10-07,Динамо Мск,Локомотив,185,:,0:0,0:0,2:0
187,:,2014-10-08,Атлант,Йокерит,186,:,1:1,0:2,1:0
188,:,2014-10-08,СКА,Медвешчак,187,:,1:0,1:1,3:1
189,:,2014-10-08,Динамо Р,Слован,188,:,0:1,1:2,0:1
190,1:0,2014-10-09,Автомобилист,Трактор,189,0:0,1:0,0:0,1:2
191,:,2014-10-09,Металлург Мг,Адмирал,190,:,1:1,1:2,1:1
192,:,2014-10-09,Северсталь,Витязь,191,:,3:2,0:1,0:1
193,:,2014-10-09,Торпедо НН,Динамо Мск,192,:,2:0,0:1,1:0
194,:,2014-10-09,ЦСКА,ХК Сочи,193,:,2:0,2:0,2:2
195,:,2014-10-09,Лада,Ак Барс,459,0:1,0:1,1:1,1:0
196,:,2014-10-10,Авангард,Металлург Нк,194,:,0:1,0:0,0:1
197,:,2014-10-10,Барыс,Сибирь,195,:,2:0,4:1,0:2
198,:,2014-10-10,Салават Юлаев,Амур,196,:,1:1,3:1,3:0
199,:,2014-10-10,СКА,Йокерит,197,:,0:0,2:0,2:1
200,:,2014-10-10,Динамо Мн,Слован,198,:,0:0,3:0,1:1
201,:,2014-10-10,Динамо Р,Медвешчак,199,:,0:0,3:2,1:1
202,:,2014-10-11,Автомобилист,Адмирал,200,:,3:1,1:0,1:0
203,:,2014-10-11,Металлург Мг,Югра,201,:,2:2,2:2,1:0
204,:,2014-10-11,Ак Барс,Трактор,202,:,1:0,1:0,1:0
205,:,2014-10-11,Нефтехимик,Лада,203,:,0:2,1:1,0:1
206,:,2014-10-11,ЦСКА,Витязь,204,:,0:0,1:0,0:0
207,:,2014-10-12,Авангард,Амур,205,:,1:0,2:1,1:0
208,0:1,2014-10-12,Барыс,Металлург Нк,206,0:0,2:1,0:1,2:2
209,:,2014-10-12,Салават Юлаев,Сибирь,207,:,0:0,2:0,0:3
210,:,2014-10-12,Атлант,Медвешчак,208,:,2:0,1:1,2:1
211,:,2014-10-12,Динамо Мск,Северсталь,209,:,2:1,3:0,0:0
212,0:1,2014-10-12,Локомотив,Торпедо НН,210,0:0,1:1,2:2,0:0
213,:,2014-10-12,Слован,Йокерит,211,:,1:1,0:2,1:1
214,:,2014-10-13,Автомобилист,Югра,212,:,0:0,1:0,0:0
215,:,2014-10-13,Металлург Мг,Трактор,213,:,2:0,3:0,1:1
216,:,2014-10-13,Ак Барс,Адмирал,214,:,2:0,1:2,1:1
217,:,2014-10-13,СКА,Динамо Р,215,:,0:0,1:0,1:1
218,:,2014-10-14,Авангард,Сибирь,216,:,0:1,0:0,1:2
219,:,2014-10-14,Барыс,Амур,217,:,2:0,2:0,1:0
220,:,2014-10-14,Салават Юлаев,Металлург Нк,218,:,2:0,0:0,1:0
221,:,2014-10-14,Витязь,Торпедо НН,219,:,0:1,0:1,3:0
222,:,2014-10-14,Локомотив,Северсталь,220,:,1:0,2:1,2:2
223,:,2014-10-14,ХК Сочи,ЦСКА,221,:,0:2,1:0,1:4
224,0:1,2014-10-14,Динамо Мн,Атлант,222,0:0,1:1,1:1,0:0
225,:,2014-10-14,Медвешчак,Слован,223,:,1:0,0:0,0:0
226,:,2014-10-15,Лада,Трактор,224,:,1:2,2:2,0:0
227,:,2014-10-15,Нефтехимик,Югра,225,0:1,0:0,2:2,1:1
228,:,2014-10-15,Йокерит,Динамо Р,226,:,2:0,2:0,1:2
229,0:1,2014-10-16,Торпедо НН,Северсталь,227,0:0,0:1,2:0,0:1
230,:,2014-10-16,СКА,ЦСКА,228,:,1:1,2:2,1:0
231,:,2014-10-17,Амур,ХК Сочи,229,:,0:0,0:0,0:2
232,:,2014-10-17,Адмирал,Динамо Мск,230,:,0:1,1:2,0:1
233,:,2014-10-17,Металлург Нк,Витязь,231,:,0:1,2:1,0:3
234,:,2014-10-17,Сибирь,Локомотив,232,:,0:1,0:3,1:0
235,:,2014-10-17,Салават Юлаев,Авангард,233,:,1:2,1:3,0:1
236,1:0,2014-10-17,Металлург Мг,Ак Барс,234,0:0,0:0,0:0,1:1
237,:,2014-10-17,Йокерит,Барыс,235,:,1:1,1:0,2:1
238,:,2014-10-18,Трактор,Слован,236,:,1:1,1:1,1:0
239,:,2014-10-18,Югра,Медвешчак,237,0:1,0:1,1:0,0:0
240,1:0,2014-10-18,Лада,Атлант,238,0:0,0:0,0:1,1:0
241,:,2014-10-18,Нефтехимик,Динамо Мн,239,1:0,1:0,2:2,1:2
242,1:0,2014-10-19,Адмирал,ХК Сочи,240,0:0,0:0,0:0,0:0
243,:,2014-10-19,Амур,Динамо Мск,241,:,1:0,1:2,0:1
244,:,2014-10-19,Металлург Нк,Локомотив,242,:,0:0,0:0,0:1
245,:,2014-10-19,Сибирь,Витязь,243,:,2:0,0:1,0:2
246,1:0,2014-10-19,Северсталь,Автомобилист,244,0:0,0:1,2:0,0:1
247,:,2014-10-19,СКА,Авангард,245,1:0,0:0,1:1,1:1
248,:,2014-10-19,Торпедо НН,Ак Барс,246,:,0:1,1:1,2:0
249,:,2014-10-19,Динамо Р,Барыс,247,:,0:2,1:0,1:1
250,:,2014-10-19,Йокерит,Салават Юлаев,248,:,0:2,1:2,1:0
251,:,2014-10-20,Трактор,Медвешчак,249,:,0:0,1:3,1:1
252,0:1,2014-10-20,Югра,Слован,250,0:0,2:1,1:1,0:1
253,:,2014-10-20,Лада,Динамо Мн,251,:,0:2,0:0,1:1
254,:,2014-10-20,Нефтехимик,Атлант,252,:,0:1,2:1,0:1
255,1:0,2014-10-21,Амур,Локомотив,253,0:0,1:1,2:2,1:1
256,:,2014-10-21,Адмирал,Витязь,254,:,0:1,3:0,2:3
257,1:0,2014-10-21,Металлург Нк,Динамо Мск,255,0:0,1:0,1:1,0:1
258,:,2014-10-21,Сибирь,ХК Сочи,256,0:1,0:1,0:0,1:0
259,1:0,2014-10-21,Северсталь,Металлург Мг,257,0:0,0:1,1:0,0:0
260,:,2014-10-21,Торпедо НН,Автомобилист,258,:,1:1,1:1,1:0
261,0:1,2014-10-21,ЦСКА,Ак Барс,259,0:0,0:0,2:0,0:2
262,:,2014-10-21,СКА,Барыс,260,:,1:1,3:2,1:0
263,:,2014-10-21,Йокерит,Авангард,261,:,0:0,1:2,0:0
264,:,2014-10-21,Динамо Р,Салават Юлаев,262,:,0:0,0:1,2:0
265,:,2014-10-22,Трактор,Динамо Мн,263,:,0:1,0:1,2:1
266,0:1,2014-10-22,Югра,Атлант,264,0:0,2:0,0:1,0:1
267,:,2014-10-22,Лада,Медвешчак,265,:,1:1,1:0,0:0
268,:,2014-10-22,Нефтехимик,Слован,266,:,0:1,0:1,1:1
269,0:1,2014-10-23,Амур,Витязь,267,0:0,2:0,1:1,0:2
270,1:0,2014-10-23,Адмирал,Локомотив,268,0:0,1:0,0:1,0:0
271,:,2014-10-23,Металлург Нк,ХК Сочи,269,:,0:0,1:0,0:0
272,:,2014-10-23,Сибирь,Динамо Мск,270,:,2:1,1:3,0:1
273,:,2014-10-23,Северсталь,Ак Барс,271,:,0:0,0:0,1:2
274,1:0,2014-10-23,Торпедо НН,Металлург Мг,272,0:0,0:1,1:0,0:0
275,:,2014-10-23,ЦСКА,Автомобилист,273,:,0:1,2:0,0:0
276,:,2014-10-23,СКА,Салават Юлаев,274,:,2:0,2:2,3:0
277,1:0,2014-10-23,Динамо Р,Авангард,275,0:0,1:0,1:0,0:2
278,:,2014-10-24,Трактор,Атлант,276,:,0:1,2:0,0:0
279,:,2014-10-24,Югра,Динамо Мн,277,:,2:3,0:3,0:0
280,:,2014-10-24,Лада,Слован,278,:,1:1,0:3,2:2
281,1:0,2014-10-24,Нефтехимик,Медвешчак,279,0:0,2:0,1:2,0:1
282,:,2014-10-25,ЦСКА,Металлург Мг,280,:,1:0,0:1,0:1
283,:,2014-10-26,ХК Сочи,Торпедо НН,281,:,0:1,1:0,0:1
284,:,2014-10-27,Авангард,Трактор,282,:,1:0,0:0,2:0
285,:,2014-10-27,Барыс,Югра,283,0:1,0:0,1:0,1:2
286,0:1,2014-10-27,Салават Юлаев,Нефтехимик,284,0:0,1:1,0:1,1:0
287,:,2014-10-27,Ак Барс,Металлург Мг,285,:,0:0,0:0,0:1
288,:,2014-10-27,Витязь,Йокерит,286,:,0:0,0:1,0:1
289,1:0,2014-10-27,Локомотив,СКА,287,0:0,0:0,1:1,1:1
290,:,2014-10-27,Атлант,Адмирал,288,0:1,1:1,1:1,0:0
291,:,2014-10-27,Динамо Мск,Динамо Р,289,:,1:1,2:2,0:1
292,1:0,2014-10-27,Динамо Мн,Амур,290,0:0,0:0,1:1,1:1
293,:,2014-10-28,Северсталь,ЦСКА,291,0:1,0:0,2:1,0:1
294,:,2014-10-28,Медвешчак,Сибирь,292,:,0:0,1:0,1:0
295,:,2014-10-29,Авангард,Югра,293,:,0:0,2:0,2:1
296,:,2014-10-29,Автомобилист,Нефтехимик,294,:,0:0,3:0,0:0
297,:,2014-10-29,Барыс,Лада,295,:,1:1,0:0,1:0
298,0:1,2014-10-29,Салават Юлаев,Трактор,296,0:0,1:0,0:1,1:1
299,:,2014-10-29,Витязь,СКА,297,:,2:2,1:2,1:2
300,:,2014-10-29,Локомотив,Йокерит,298,:,0:2,1:1,0:0
301,:,2014-10-29,ХК Сочи,Динамо Р,299,:,2:0,1:0,1:2
302,:,2014-10-29,Атлант,Амур,300,:,1:0,1:1,0:0
303,:,2014-10-29,Динамо Мн,Адмирал,301,:,0:0,0:0,1:0
304,1:0,2014-10-29,Медвешчак,Металлург Нк,302,0:0,0:0,0:1,1:0
305,:,2014-10-30,Торпедо НН,ЦСКА,303,:,1:0,2:0,0:0
306,:,2014-10-30,Слован,Сибирь,304,:,2:1,0:2,0:0
307,:,2014-10-31,Авангард,Лада,305,:,1:0,0:0,0:0
308,:,2014-10-31,Автомобилист,Трактор,306,:,0:0,0:0,1:0
309,1:0,2014-10-31,Барыс,Нефтехимик,307,0:0,2:3,1:1,2:1
310,:,2014-10-31,Салават Юлаев,Югра,308,:,0:2,1:1,0:0
311,:,2014-10-31,Локомотив,Динамо Р,309,:,2:0,0:1,2:0
312,1:0,2014-10-31,ХК Сочи,Йокерит,310,0:0,0:0,1:1,1:1
313,:,2014-10-31,Атлант,Металлург Нк,311,:,0:2,2:0,2:0
314,:,2014-10-31,Динамо Мск,СКА,312,1:0,1:1,1:1,1:1
315,:,2014-10-31,Слован,Амур,313,:,0:1,0:1,1:1
316,:,2014-10-31,Медвешчак,Адмирал,314,:,1:3,1:1,1:0
317,:,2014-11-01,Динамо Мн,Сибирь,315,:,0:2,1:1,0:1
318,:,2014-11-02,Авангард,Нефтехимик,316,:,2:1,2:0,1:0
319,:,2014-11-02,Металлург Мг,Автомобилист,317,1:0,0:1,2:3,2:0
320,:,2014-11-02,Салават Юлаев,Лада,318,:,0:1,1:0,2:1
321,:,2014-11-02,Ак Барс,Югра,319,:,2:1,1:0,3:0
322,:,2014-11-02,Витязь,Динамо Р,320,:,3:1,0:0,1:1
323,:,2014-11-02,Динамо Мск,Йокерит,321,:,0:2,1:0,0:1
324,1:0,2014-11-02,Северсталь,Локомотив,322,0:0,0:0,1:1,0:0
325,:,2014-11-02,ЦСКА,Атлант,323,:,2:0,0:1,1:0
326,:,2014-11-02,Динамо Мн,Металлург Нк,324,:,0:1,3:0,1:0
327,:,2014-11-02,Слован,Адмирал,325,:,3:0,1:0,0:1
328,:,2014-11-02,ХК Сочи,СКА,326,:,0:2,1:0,0:0
329,:,2014-11-02,Медвешчак,Амур,327,:,1:1,0:3,1:1
330,:,2014-11-04,Автомобилист,Локомотив,328,:,0:0,1:3,1:0
331,:,2014-11-04,ЦСКА,Торпедо НН,329,:,1:1,3:1,1:1
332,:,2014-11-04,Динамо Мск,Салават Юлаев,330,:,3:0,1:0,2:0
333,:,2014-11-04,Йокерит,Металлург Мг,331,:,0:2,1:1,0:1
334,:,2014-11-05,Амур,Динамо Мн,332,:,1:1,3:1,0:0
335,:,2014-11-05,Адмирал,Атлант,333,1:0,1:1,1:1,0:0
336,1:0,2014-11-05,Сибирь,Слован,334,0:0,0:0,0:0,0:0
337,:,2014-11-05,Барыс,Медвешчак,335,:,2:0,1:1,1:0
338,:,2014-11-06,Автомобилист,Северсталь,336,:,0:1,0:2,3:2
339,:,2014-11-06,Трактор,Локомотив,337,0:1,1:3,2:0,0:0
340,:,2014-11-06,Югра,Торпедо НН,338,1:0,1:1,0:0,1:1
341,:,2014-11-06,Лада,ХК Сочи,339,:,0:0,1:1,0:2
342,:,2014-11-06,Нефтехимик,Витязь,340,:,2:1,0:0,0:2
343,:,2014-11-06,Динамо Мск,Авангард,341,1:0,3:1,0:2,1:1
344,:,2014-11-06,СКА,Металлург Мг,342,:,0:1,1:0,0:1
345,:,2014-11-07,Амур,Атлант,343,:,0:0,0:2,0:0
346,:,2014-11-07,Адмирал,Динамо Мн,344,:,2:1,1:2,3:0
347,:,2014-11-07,Металлург Нк,Медвешчак,345,:,0:0,1:2,1:1
348,:,2014-11-07,Сибирь,Динамо Р,346,:,0:0,2:0,1:0
349,:,2014-11-07,Барыс,Слован,347,:,1:0,3:1,2:0
350,:,2014-11-08,Трактор,Торпедо НН,348,:,1:0,0:2,2:0
351,:,2014-11-08,Югра,Северсталь,349,:,1:0,1:1,1:0
352,0:1,2014-11-08,Ак Барс,ЦСКА,350,0:0,0:0,1:1,1:1
353,:,2014-11-08,Лада,Витязь,351,:,2:3,1:0,1:2
354,:,2014-11-08,Нефтехимик,ХК Сочи,352,:,1:3,1:1,1:2
355,:,2014-11-09,Металлург Нк,Динамо Р,353,:,1:0,3:1,2:2
356,:,2014-11-10,Салават Юлаев,ХК Сочи,354,:,2:0,3:0,1:2
357,:,2014-11-10,Витязь,Динамо Мск,355,:,0:0,0:0,0:1
358,:,2014-11-11,Югра,Лада,356,:,0:1,1:2,1:0
359,:,2014-11-12,Амур,Автомобилист,357,:,0:0,0:1,0:0
360,:,2014-11-12,Адмирал,Ак Барс,358,:,0:3,0:1,1:1
361,:,2014-11-12,Сибирь,Металлург Мг,359,:,1:0,1:0,2:1
362,1:0,2014-11-12,Барыс,ХК Сочи,360,0:0,1:1,3:1,0:2
363,0:1,2014-11-12,Салават Юлаев,Авангард,361,0:0,0:1,1:0,0:0
364,:,2014-11-12,Торпедо НН,Атлант,362,:,0:2,0:0,0:0
365,1:0,2014-11-12,ЦСКА,Локомотив,363,0:0,0:0,2:0,0:2
366,:,2014-11-12,СКА,Динамо Мск,364,:,0:0,1:3,0:1
367,:,2014-11-12,Йокерит,Динамо Мн,365,:,0:0,2:0,1:1
368,0:1,2014-11-12,Слован,Медвешчак,366,0:0,0:1,0:0,1:0
369,:,2014-11-13,Трактор,Лада,367,:,0:0,0:1,0:0
370,:,2014-11-13,Югра,Нефтехимик,368,:,0:1,2:2,0:1
371,:,2014-11-14,Амур,Ак Барс,369,:,1:2,0:4,0:2
372,:,2014-11-14,Адмирал,Автомобилист,370,:,1:2,0:2,0:0
373,:,2014-11-14,Металлург Нк,Металлург Мг,371,1:0,1:0,0:1,0:0
374,:,2014-11-14,Барыс,Авангард,372,:,0:0,1:1,0:2
375,:,2014-11-14,Витязь,Локомотив,373,1:0,1:0,2:2,0:1
376,:,2014-11-14,Торпедо НН,Северсталь,374,:,1:1,1:1,0:2
377,:,2014-11-14,ЦСКА,Салават Юлаев,375,:,0:0,6:0,1:0
378,:,2014-11-14,Динамо Р,Динамо Мн,377,:,1:0,2:1,1:0
379,:,2014-11-14,Медвешчак,Атлант,378,:,0:0,2:0,2:1
380,:,2014-11-15,Трактор,Нефтехимик,379,:,0:2,5:0,1:0
381,:,2014-11-16,Амур,Металлург Мг,380,:,0:1,2:0,0:0
382,:,2014-11-16,Металлург Нк,Ак Барс,381,:,0:1,0:0,1:2
383,:,2014-11-16,Сибирь,Автомобилист,382,:,0:0,1:1,2:0
384,:,2014-11-16,Торпедо НН,Локомотив,383,:,0:0,1:0,1:0
385,:,2014-11-16,ЦСКА,Северсталь,384,:,2:1,5:1,1:0
386,:,2014-11-16,Динамо Р,Динамо Мск,385,:,2:0,1:1,0:0
387,:,2014-11-16,Йокерит,Слован,386,:,0:0,2:0,0:1
388,:,2014-11-16,Медвешчак,Витязь,387,:,1:2,1:1,1:3
389,:,2014-11-17,Лада,Трактор,388,:,1:0,3:1,0:0
390,:,2014-11-17,Нефтехимик,Югра,389,:,2:1,1:0,0:0
391,:,2014-11-17,СКА,Динамо Мн,390,:,0:0,3:1,0:1
392,:,2014-11-18,Адмирал,Металлург Мг,391,:,0:1,0:2,2:1
393,:,2014-11-18,Металлург Нк,Автомобилист,392,:,1:1,2:1,0:2
394,:,2014-11-18,Сибирь,Ак Барс,393,:,2:0,2:0,2:1
395,:,2014-11-18,Салават Юлаев,Барыс,394,:,0:0,2:2,3:1
396,:,2014-11-18,Торпедо НН,Витязь,395,:,0:0,2:1,2:0
397,:,2014-11-18,Атлант,Слован,396,:,0:1,0:0,1:1
398,:,2014-11-19,Северсталь,ЦСКА,397,:,0:1,0:0,0:2
399,:,2014-11-19,ХК Сочи,Трактор,398,:,0:0,4:0,0:1
400,:,2014-11-19,Динамо Мск,Югра,399,:,0:1,2:0,2:0
401,:,2014-11-19,Медвешчак,Динамо Мн,400,:,1:1,0:1,1:3
402,1:0,2014-11-20,Авангард,Барыс,401,0:0,0:0,1:0,0:1
403,:,2014-11-20,Витязь,Лада,402,:,0:0,0:1,0:1
404,:,2014-11-20,Локомотив,Нефтехимик,403,:,1:0,2:0,1:2
405,:,2014-11-20,Йокерит,СКА,404,:,1:0,2:0,0:1
406,1:0,2014-11-20,Динамо Р,Слован,405,0:0,0:0,0:0,0:0
407,:,2014-11-21,Адмирал,Амур,406,:,3:0,0:1,0:1
408,:,2014-11-21,Металлург Нк,Сибирь,407,:,0:1,0:1,1:2
409,0:1,2014-11-21,Торпедо НН,ЦСКА,408,0:0,1:2,1:0,1:1
410,:,2014-11-21,ХК Сочи,Югра,409,:,1:0,2:0,1:1
411,:,2014-11-22,Автомобилист,Барыс,410,1:0,0:1,0:0,1:0
412,:,2014-11-22,Металлург Мг,Салават Юлаев,411,:,1:2,0:1,1:3
413,:,2014-11-22,Ак Барс,Авангард,412,:,2:1,0:0,2:1
414,1:0,2014-11-22,Витязь,Нефтехимик,413,0:0,1:0,0:0,1:2
415,:,2014-11-22,Локомотив,Лада,414,:,0:1,1:0,1:3
416,:,2014-11-22,Северсталь,Атлант,415,0:1,0:2,1:0,2:1
417,:,2014-11-22,Динамо Р,СКА,416,:,0:1,3:0,1:1
418,:,2014-11-22,Медвешчак,Йокерит,417,:,0:0,1:2,0:1
419,:,2014-11-23,Сибирь,Металлург Нк,418,:,2:0,1:1,1:1
420,:,2014-11-24,Амур,Адмирал,419,:,1:0,0:0,1:1
421,:,2014-11-24,Автомобилист,Салават Юлаев,420,:,1:0,0:0,2:0
422,:,2014-11-24,Металлург Мг,Авангард,421,:,0:1,0:2,0:1
423,:,2014-11-24,Трактор,Лада,422,:,1:1,1:0,1:0
424,:,2014-11-24,Югра,Нефтехимик,423,:,0:2,0:2,2:0
425,:,2014-11-24,Ак Барс,Барыс,424,:,1:1,2:1,0:0
426,:,2014-11-24,ЦСКА,СКА,425,:,2:1,1:2,2:0
427,1:0,2014-11-24,Динамо Мск,Атлант,426,0:0,2:0,0:1,0:1
428,:,2014-11-24,Динамо Мн,ХК Сочи,427,:,1:0,0:3,1:1
429,:,2014-11-24,Динамо Р,Йокерит,428,:,3:1,0:2,0:1
430,:,2014-11-25,Слован,Локомотив,429,:,1:0,0:2,0:1
431,:,2014-11-25,Медвешчак,Витязь,430,:,0:1,2:0,1:0
432,:,2014-11-26,Автомобилист,Авангард,431,:,1:0,2:1,2:1
433,0:1,2014-11-26,Ак Барс,Салават Юлаев,432,0:0,0:0,0:0,0:0
434,:,2014-11-26,Атлант,ХК Сочи,433,:,0:1,1:2,1:1
435,:,2014-11-27,Лада,Металлург Мг,434,:,1:0,1:3,0:1
436,0:1,2014-11-27,Северсталь,Торпедо НН,435,0:0,1:1,1:1,1:1
437,:,2014-11-27,СКА,Металлург Нк,436,:,1:1,4:0,1:1
438,:,2014-11-27,Йокерит,Сибирь,437,:,0:0,1:1,2:0
439,:,2014-11-27,Слован,Витязь,438,:,0:0,0:1,0:1
440,:,2014-11-27,Медвешчак,Локомотив,439,0:1,2:0,1:1,0:2
441,:,2014-11-28,Авангард,Салават Юлаев,440,:,0:1,2:0,0:0
442,:,2014-11-28,Динамо Р,Амур,441,:,2:1,1:0,0:0
443,:,2014-11-29,Барыс,Адмирал,442,0:1,1:0,1:2,2:2
444,:,2014-11-29,Трактор,Металлург Мг,443,0:1,0:0,0:2,2:0
445,:,2014-11-29,Югра,Автомобилист,444,:,2:0,2:0,0:0
446,:,2014-11-29,Витязь,Северсталь,445,:,0:2,1:2,1:1
447,0:1,2014-11-29,Динамо Мск,ЦСКА,446,0:0,1:0,0:2,2:1
448,:,2014-11-29,Нефтехимик,Ак Барс,447,:,0:1,0:2,1:1
449,:,2014-11-29,СКА,Сибирь,448,:,0:2,2:1,3:1
450,:,2014-11-29,Динамо Мн,Медвешчак,449,:,1:0,1:1,2:2
451,:,2014-11-29,Динамо Р,Металлург Нк,450,:,0:0,1:0,0:0
452,:,2014-11-29,ХК Сочи,Торпедо НН,451,:,2:0,1:1,1:0
453,1:0,2014-11-29,Слован,Атлант,452,0:0,1:0,0:1,0:0
454,1:0,2014-11-30,Йокерит,Амур,453,0:0,0:0,2:2,0:0
455,:,2014-12-01,Авангард,Адмирал,454,:,2:0,1:3,1:0
456,:,2014-12-01,Салават Юлаев,Барыс,455,:,0:0,3:1,0:1
457,:,2014-12-01,Югра,Металлург Мг,457,:,1:0,1:0,1:0
458,1:0,2014-12-01,Витязь,Атлант,458,0:0,1:0,0:0,0:1
459,:,2014-12-01,ХК Сочи,Северсталь,460,1:0,0:1,2:1,0:0
460,:,2014-12-01,Динамо Мск,Торпедо НН,461,:,1:1,2:1,2:1
461,:,2014-12-01,Динамо Р,Сибирь,462,:,0:0,1:2,1:1
462,:,2014-12-01,Слован,Металлург Нк,463,:,1:0,3:0,1:0
463,:,2014-12-01,Йокерит,Ак Барс,755,:,1:1,0:1,1:2
464,:,2014-12-02,СКА,Амур,464,:,2:0,2:1,3:0
465,:,2014-12-03,Салават Юлаев,Адмирал,465,:,2:0,0:1,0:0
466,0:1,2014-12-03,Трактор,Ак Барс,466,0:0,0:1,1:1,1:0
467,:,2014-12-03,Витязь,Торпедо НН,467,:,0:0,0:1,3:0
468,:,2014-12-03,Лада,Автомобилист,468,:,1:0,1:0,2:2
469,:,2014-12-03,Локомотив,Динамо Мн,469,:,0:1,2:1,2:3
470,:,2014-12-03,Нефтехимик,Металлург Мг,470,:,0:1,0:1,1:1
471,:,2014-12-03,ХК Сочи,Слован,471,:,0:0,4:0,0:1
472,:,2014-12-03,ЦСКА,Северсталь,472,:,4:1,1:0,4:0
473,:,2014-12-03,Атлант,Сибирь,473,:,0:3,0:0,2:2
474,0:1,2014-12-03,Динамо Мск,Медвешчак,474,0:0,0:0,2:1,0:1
475,:,2014-12-03,Йокерит,Металлург Нк,475,:,4:0,2:1,0:0
476,:,2014-12-04,Барыс,Авангард,476,:,0:0,0:1,0:1
477,1:0,2014-12-05,Югра,Ак Барс,477,0:0,0:1,2:1,1:1
478,:,2014-12-05,Витязь,Динамо Мн,478,:,2:3,1:1,0:1
479,:,2014-12-05,Нефтехимик,Автомобилист,479,:,1:1,0:2,0:1
480,:,2014-12-05,ХК Сочи,Медвешчак,480,:,4:0,1:1,1:1
481,:,2014-12-05,Динамо Мск,Слован,481,:,4:0,1:2,2:0
482,:,2014-12-06,Локомотив,ЦСКА,482,:,0:2,0:1,0:1
483,:,2014-12-07,Атлант,Динамо Р,483,:,2:1,1:0,1:0
484,:,2014-12-07,Динамо Мск,СКА,484,:,1:0,0:0,1:1
485,:,2014-12-08,Амур,Нефтехимик,485,:,0:0,0:0,0:2
486,:,2014-12-08,Адмирал,Лада,486,:,1:0,2:0,0:0
487,:,2014-12-08,Металлург Нк,Югра,487,:,0:0,0:0,0:1
488,:,2014-12-08,Сибирь,Трактор,488,:,0:0,0:0,0:1
489,0:1,2014-12-08,Северсталь,ХК Сочи,489,0:0,1:0,1:0,0:2
490,:,2014-12-08,Динамо Мн,Салават Юлаев,490,:,1:0,2:0,1:0
491,:,2014-12-08,Слован,Авангард,491,:,0:3,1:0,2:2
492,:,2014-12-08,Медвешчак,Барыс,492,:,1:2,1:0,1:3
493,:,2014-12-09,Автомобилист,Йокерит,493,:,0:0,2:0,2:0
494,:,2014-12-09,Металлург Мг,СКА,494,1:0,0:1,1:1,2:1
495,:,2014-12-09,Ак Барс,Динамо Р,495,:,1:1,2:1,0:0
496,:,2014-12-10,Амур,Лада,496,:,1:0,2:2,0:0
497,:,2014-12-10,Адмирал,Нефтехимик,497,:,1:2,1:1,3:0
498,:,2014-12-10,Металлург Нк,Трактор,498,:,0:2,0:1,1:3
499,:,2014-12-10,Сибирь,Югра,499,:,2:1,3:0,0:1
500,:,2014-12-10,Витязь,ЦСКА,500,:,0:1,0:2,1:1
501,:,2014-12-10,Северсталь,Локомотив,501,:,1:0,0:0,1:1
502,:,2014-12-10,Торпедо НН,ХК Сочи,502,:,1:1,2:2,1:3
503,:,2014-12-10,Атлант,Салават Юлаев,503,:,0:0,5:0,1:1
504,:,2014-12-10,Слован,Барыс,504,:,2:1,1:1,0:0
505,:,2014-12-10,Медвешчак,Авангард,505,:,0:4,1:1,1:1
506,:,2014-12-11,Автомобилист,СКА,506,:,0:3,0:1,1:1
507,:,2014-12-11,Металлург Мг,Динамо Р,507,:,3:1,1:3,1:0
508,:,2014-12-11,Ак Барс,Йокерит,508,:,0:2,0:0,1:0
509,:,2014-12-12,Амур,Трактор,509,:,0:3,1:0,1:1
510,:,2014-12-12,Адмирал,Югра,510,:,1:1,0:1,0:0
511,:,2014-12-12,Металлург Нк,Лада,511,:,2:1,2:2,1:0
512,:,2014-12-12,Сибирь,Нефтехимик,512,:,2:2,3:0,2:0
513,:,2014-12-12,Северсталь,Витязь,513,:,0:0,1:0,1:4
514,:,2014-12-12,Торпедо НН,Локомотив,514,:,0:1,0:1,1:0
515,:,2014-12-12,ХК Сочи,Динамо Мск,515,:,0:1,1:3,0:2
516,:,2014-12-12,Атлант,Барыс,516,:,1:0,2:3,0:1
517,:,2014-12-12,Динамо Мн,Авангард,517,:,2:1,3:1,1:0
518,1:0,2014-12-12,Слован,Салават Юлаев,518,0:0,0:1,1:0,1:1
519,:,2014-12-13,Автомобилист,Динамо Р,519,:,0:1,0:0,0:2
520,:,2014-12-13,Металлург Мг,Йокерит,520,:,0:2,3:1,0:1
521,:,2014-12-13,Ак Барс,СКА,521,:,1:0,1:0,1:1
522,1:0,2014-12-14,Адмирал,Трактор,522,0:0,1:1,2:1,0:1
523,:,2014-12-14,Амур,Югра,523,:,1:0,0:2,0:1
524,1:0,2014-12-14,Металлург Нк,Нефтехимик,524,0:0,1:1,1:0,0:1
525,:,2014-12-14,Сибирь,Лада,525,:,2:0,1:2,1:1
526,:,2014-12-14,Атлант,Авангард,526,:,2:0,1:0,0:1
527,:,2014-12-14,Торпедо НН,Витязь,527,:,4:1,0:0,1:0
528,:,2014-12-14,ЦСКА,Динамо Мск,528,:,0:1,0:0,1:1
529,:,2014-12-14,Динамо Мн,Барыс,529,:,2:0,0:1,3:1
530,:,2014-12-14,ХК Сочи,Локомотив,530,:,0:1,1:6,1:2
531,:,2014-12-14,Медвешчак,Салават Юлаев,531,:,0:1,0:0,1:2
532,:,2014-12-15,Слован,Йокерит,532,:,2:0,2:2,2:0
533,0:1,2014-12-22,Слован,Лада,533,0:0,1:1,0:0,1:1
534,:,2014-12-22,Медвешчак,Нефтехимик,534,:,2:0,2:1,1:2
535,:,2014-12-22,Йокерит,Динамо Р,778,:,2:1,1:0,0:0
536,:,2014-12-23,Локомотив,Витязь,535,:,2:1,1:1,1:0
537,:,2014-12-24,Амур,Сибирь,536,:,0:3,0:0,1:1
538,:,2014-12-24,Барыс,Ак Барс,538,:,0:2,1:1,0:1
539,:,2014-12-24,Металлург Мг,Автомобилист,539,:,0:0,2:0,1:0
540,:,2014-12-24,Салават Юлаев,Авангард,540,0:1,1:0,2:2,0:1
541,:,2014-12-24,Трактор,Лада,541,:,0:0,1:0,1:1
542,1:0,2014-12-24,Динамо Мн,СКА,542,0:0,0:0,1:1,0:0
543,:,2014-12-24,Динамо Р,ЦСКА,543,:,3:1,1:2,0:2
544,:,2014-12-24,Северсталь,Динамо Мск,544,:,1:0,1:2,3:0
545,:,2014-12-24,Торпедо НН,ХК Сочи,545,1:0,1:2,1:0,0:0
546,:,2014-12-24,Слован,Нефтехимик,546,:,0:1,1:1,3:4
547,:,2014-12-25,Амур,Сибирь,547,:,1:3,2:1,0:1
548,:,2014-12-25,Локомотив,Атлант,549,:,4:0,2:2,0:1
549,:,2014-12-26,Автомобилист,Ак Барс,550,:,0:0,1:0,2:0
550,1:0,2014-12-26,Металлург Мг,Барыс,551,0:0,1:4,5:2,0:0
551,:,2014-12-26,Северсталь,ХК Сочи,553,:,0:0,1:0,0:0
552,:,2014-12-26,Слован,СКА,554,:,0:3,0:2,1:1
553,1:0,2014-12-26,Торпедо НН,Динамо Мск,555,0:0,0:0,1:0,0:1
554,:,2014-12-26,ЦСКА,Авангард,556,:,2:1,1:0,0:0
555,:,2014-12-27,Витязь,Атлант,557,:,0:1,2:1,0:2
556,:,2014-12-27,Динамо Мн,Динамо Р,558,1:0,0:1,0:0,1:0
557,:,2014-12-28,Авангард,Барыс,559,:,0:0,1:1,2:0
558,:,2014-12-28,Металлург Нк,Амур,560,:,1:1,0:1,1:1
559,:,2014-12-28,Сибирь,Адмирал,561,:,2:0,0:0,1:0
560,:,2014-12-28,Металлург Мг,Ак Барс,562,:,1:1,0:1,1:1
561,1:0,2014-12-28,Лада,Югра,563,0:0,1:1,0:1,2:1
562,:,2014-12-28,Локомотив,Северсталь,564,:,1:0,1:1,0:0
563,:,2014-12-28,ЦСКА,ХК Сочи,566,:,1:0,2:3,2:0
564,:,2014-12-28,СКА,Динамо Мск,567,:,0:0,0:1,1:1
565,:,2014-12-29,Атлант,Динамо Р,568,:,0:1,0:2,2:0
566,:,2014-12-29,Динамо Мн,Витязь,569,:,1:2,2:0,2:2
567,:,2014-12-30,Металлург Нк,Адмирал,570,:,1:2,0:1,0:1
568,:,2014-12-30,Сибирь,Амур,571,:,4:0,2:2,0:0
569,:,2014-12-30,Барыс,Трактор,572,:,1:1,1:1,2:0
570,:,2014-12-30,Ак Барс,Югра,573,:,2:0,0:1,1:1
571,:,2014-12-30,Локомотив,ХК Сочи,574,:,0:0,3:1,1:1
572,0:1,2014-12-30,Северсталь,Торпедо НН,575,0:0,0:1,0:1,2:0
573,0:1,2015-01-03,Автомобилист,Нефтехимик,576,0:0,0:0,1:2,1:0
574,:,2015-01-03,Металлург Мг,Лада,577,:,0:0,2:0,0:0
575,:,2015-01-03,Йокерит,Динамо Мн,579,:,3:1,0:1,2:0
576,:,2015-01-04,Медвешчак,Слован,580,:,0:2,3:2,2:0
577,:,2015-01-05,Металлург Нк,Салават Юлаев,581,:,1:3,1:1,3:0
578,:,2015-01-05,Сибирь,Авангард,582,:,1:0,2:0,1:0
579,:,2015-01-05,Металлург Мг,Нефтехимик,583,:,0:1,1:0,0:2
580,:,2015-01-05,Трактор,Югра,584,:,1:1,1:0,3:1
581,:,2015-01-05,Ак Барс,Лада,585,:,1:0,0:0,2:0
582,:,2015-01-05,Атлант,Динамо Мн,586,:,1:0,1:3,0:1
583,0:1,2015-01-05,Северсталь,Локомотив,587,0:0,1:1,0:0,0:0
584,:,2015-01-05,ЦСКА,Динамо Мск,588,:,0:0,0:0,1:0
585,:,2015-01-05,Йокерит,СКА,589,:,1:1,0:2,0:0
586,:,2015-01-05,ХК Сочи,Витязь,590,:,2:0,2:2,1:0
587,:,2015-01-06,Адмирал,Амур,591,:,2:0,2:1,2:2
588,:,2015-01-07,Автомобилист,Лада,592,1:0,1:1,1:1,0:0
589,:,2015-01-07,Салават Юлаев,Барыс,593,:,0:0,1:1,0:2
590,:,2015-01-07,Ак Барс,Нефтехимик,594,:,1:2,1:0,1:0
591,:,2015-01-07,Торпедо НН,Северсталь,595,:,0:1,0:1,0:2
592,:,2015-01-07,ЦСКА,Витязь,596,1:0,0:0,1:0,1:2
593,:,2015-01-07,ХК Сочи,Локомотив,597,:,1:4,1:0,0:0
594,:,2015-01-07,Динамо Р,Йокерит,598,:,1:0,1:1,1:1
595,:,2015-01-08,Авангард,Динамо Мск,599,:,0:1,2:3,1:3
596,:,2015-01-08,Трактор,Сибирь,600,1:0,0:0,1:2,1:0
597,:,2015-01-08,Югра,Металлург Нк,601,:,2:0,0:1,1:0
598,:,2015-01-08,Атлант,Медвешчак,602,:,0:1,1:1,1:1
599,1:0,2015-01-08,Динамо Мн,Слован,603,0:0,1:0,1:1,0:1
600,:,2015-01-09,СКА,Торпедо НН,604,:,2:0,2:2,1:0
601,:,2015-01-09,Йокерит,Северсталь,605,:,1:2,0:0,2:0
602,:,2015-01-10,Авангард,Ак Барс,606,:,0:1,2:0,1:1
603,:,2015-01-10,Барыс,Автомобилист,607,:,2:0,2:1,0:0
604,:,2015-01-10,Салават Юлаев,Металлург Мг,608,:,0:0,1:0,2:2
605,:,2015-01-10,Трактор,Амур,609,:,2:2,3:2,1:0
606,:,2015-01-10,Югра,Адмирал,610,:,1:2,2:3,0:1
607,:,2015-01-10,Атлант,Динамо Мск,611,:,0:0,0:0,2:3
608,:,2015-01-10,Витязь,Медвешчак,612,0:1,1:1,1:0,0:1
609,:,2015-01-10,Лада,Металлург Нк,613,:,2:1,3:1,1:1
610,:,2015-01-10,Локомотив,Слован,614,:,0:0,0:1,0:1
611,:,2015-01-10,Нефтехимик,Сибирь,615,:,0:0,1:1,0:1
612,:,2015-01-10,ХК Сочи,Динамо Мн,616,:,1:1,0:0,1:2
613,:,2015-01-11,СКА,Северсталь,617,1:0,2:0,1:2,0:1
614,:,2015-01-11,Динамо Р,Торпедо НН,618,:,2:0,0:1,0:0
615,:,2015-01-11,ЦСКА,Йокерит,657,1:0,1:1,1:1,1:1
616,:,2015-01-12,Авангард,Автомобилист,620,:,0:0,0:0,2:1
617,:,2015-01-12,Барыс,Металлург Мг,621,:,0:3,0:0,2:0
618,:,2015-01-12,Салават Юлаев,Ак Барс,622,:,1:1,2:0,2:2
619,:,2015-01-12,Трактор,Адмирал,623,:,0:1,3:0,0:0
620,:,2015-01-12,Югра,Амур,624,:,0:1,2:0,2:1
621,:,2015-01-12,Витязь,Слован,625,1:0,0:0,0:1,1:0
622,:,2015-01-12,Лада,Сибирь,626,:,1:1,0:1,0:1
623,:,2015-01-12,Локомотив,Медвешчак,627,:,3:1,0:1,1:1
624,:,2015-01-12,Нефтехимик,Металлург Нк,628,:,0:0,2:0,4:0
625,:,2015-01-12,ХК Сочи,Атлант,629,:,4:0,1:4,1:0
626,:,2015-01-13,СКА,ЦСКА,630,:,2:0,1:1,0:0
627,1:0,2015-01-13,Динамо Мн,Динамо Мск,631,0:0,1:0,0:0,1:2
628,:,2015-01-13,Динамо Р,Северсталь,633,:,0:0,1:0,1:0
629,:,2015-01-13,Торпедо НН,Йокерит,678,:,0:1,0:2,3:1
630,:,2015-01-14,Авангард,Металлург Мг,634,:,0:2,1:1,0:0
631,:,2015-01-14,Салават Юлаев,Автомобилист,635,:,2:2,1:1,0:2
632,:,2015-01-14,Трактор,Металлург Нк,636,:,3:0,0:0,0:2
633,:,2015-01-14,Югра,Сибирь,637,:,1:1,0:0,1:3
634,:,2015-01-14,Лада,Адмирал,638,:,0:1,1:0,1:0
635,:,2015-01-14,Нефтехимик,Амур,639,:,1:1,1:0,0:0
636,0:1,2015-01-15,Динамо Р,СКА,578,0:0,0:0,1:1,1:1
637,:,2015-01-15,ЦСКА,Торпедо НН,640,:,1:0,0:0,0:0
638,:,2015-01-15,Атлант,Витязь,641,:,1:0,2:1,0:0
639,:,2015-01-15,Динамо Мн,Локомотив,642,:,1:0,1:0,1:0
640,:,2015-01-15,Слован,ХК Сочи,643,:,1:1,0:2,2:2
641,:,2015-01-15,Медвешчак,Динамо Мск,644,0:1,1:2,2:1,0:0
642,:,2015-01-16,Ак Барс,Автомобилист,645,:,1:0,0:2,0:1
643,:,2015-01-16,Лада,Амур,646,:,2:0,2:1,0:1
644,:,2015-01-17,Авангард,Барыс,648,:,0:1,1:0,3:0
645,:,2015-01-17,Сибирь,Салават Юлаев,649,:,1:3,0:0,0:1
646,:,2015-01-17,Атлант,Локомотив,650,:,0:1,0:2,1:1
647,:,2015-01-17,Динамо Мн,Витязь,651,:,0:2,1:0,1:3
648,:,2015-01-17,Слован,Динамо Мск,652,:,0:0,0:2,0:0
649,:,2015-01-17,Медвешчак,ХК Сочи,653,1:0,1:1,1:1,0:0
650,:,2015-01-18,Трактор,Автомобилист,456,:,2:0,0:1,2:0
651,:,2015-01-18,Югра,Нефтехимик,552,:,0:2,1:2,0:1
652,:,2015-01-18,Йокерит,ЦСКА,619,:,0:0,1:0,1:1
653,:,2015-01-18,Металлург Мг,Ак Барс,654,:,0:0,0:1,3:0
654,:,2015-01-18,Северсталь,СКА,655,:,0:1,1:1,1:2
655,0:1,2015-01-18,Торпедо НН,Динамо Р,656,0:0,0:1,3:2,0:0
656,:,2015-01-19,Амур,Адмирал,658,0:1,0:1,0:1,2:0
657,:,2015-01-19,Барыс,Салават Юлаев,659,:,0:0,1:0,2:2
658,:,2015-01-20,Металлург Нк,Сибирь,660,:,0:1,2:2,0:2
659,0:1,2015-01-20,Автомобилист,Металлург Мг,661,0:0,0:0,0:0,1:1
660,:,2015-01-20,Витязь,Югра,662,0:1,2:2,0:1,1:0
661,:,2015-01-20,Локомотив,Трактор,663,:,0:0,0:0,1:0
662,:,2015-01-20,Северсталь,Йокерит,664,:,0:0,2:1,0:0
663,0:1,2015-01-20,Торпедо НН,СКА,665,0:0,0:0,0:0,0:0
664,0:1,2015-01-20,ХК Сочи,Нефтехимик,666,0:0,0:0,1:1,1:1
665,:,2015-01-20,ЦСКА,Динамо Р,667,:,1:0,1:0,1:0
666,:,2015-01-20,Динамо Мск,Лада,668,:,0:0,0:1,1:1
667,:,2015-01-20,Слован,Динамо Мн,669,:,2:2,1:2,1:2
668,:,2015-01-20,Медвешчак,Атлант,670,:,0:0,2:2,0:1
669,0:1,2015-01-21,Адмирал,Амур,671,0:0,1:1,1:1,2:2
670,:,2015-01-21,Авангард,Салават Юлаев,672,0:1,1:2,2:2,1:0
671,:,2015-01-22,Йокерит,Торпедо НН,632,:,1:1,2:1,0:0
672,:,2015-01-22,Барыс,Сибирь,673,:,1:1,0:1,2:0
673,:,2015-01-22,Ак Барс,Металлург Мг,674,:,0:0,1:0,2:0
674,:,2015-01-22,Витязь,Трактор,675,:,3:1,0:1,1:0
675,:,2015-01-22,Локомотив,Югра,676,:,1:0,3:0,1:2
676,:,2015-01-22,Северсталь,Динамо Р,677,:,1:1,1:1,1:2
677,:,2015-01-22,ЦСКА,СКА,679,:,1:1,0:1,0:1
678,:,2015-01-22,Динамо Мск,Нефтехимик,680,:,0:0,1:0,1:0
679,:,2015-01-22,Слован,Атлант,681,:,1:2,1:0,2:3
680,:,2015-01-22,Медвешчак,Динамо Мн,682,:,1:0,3:0,0:2
681,0:1,2015-01-23,Адмирал,Металлург Нк,537,0:0,0:1,0:0,1:0
682,:,2015-01-24,Адмирал,Металлург Нк,548,:,0:1,1:1,2:0
683,:,2015-01-26,Нефтехимик,Трактор,565,:,1:1,2:1,1:0
684,:,2015-01-26,Салават Юлаев,СКА,738,:,1:0,1:0,1:1
685,:,2015-01-27,Металлург Нк,Амур,683,:,2:1,0:2,0:1
686,:,2015-01-27,Сибирь,Адмирал,684,:,0:0,0:0,2:1
687,:,2015-01-28,Авангард,ЦСКА,685,:,1:2,1:2,0:0
688,:,2015-01-28,Автомобилист,Трактор,686,:,0:0,1:0,0:3
689,:,2015-01-28,Барыс,Северсталь,687,1:0,1:1,0:1,1:0
690,:,2015-01-28,Металлург Мг,Динамо Мн,688,:,1:1,1:0,1:1
691,:,2015-01-28,Салават Юлаев,Торпедо НН,689,:,0:2,0:2,0:2
692,:,2015-01-28,Ак Барс,Югра,690,:,2:0,0:0,1:1
693,1:0,2015-01-28,Локомотив,Витязь,691,0:0,0:0,0:1,1:0
694,:,2015-01-28,Динамо Мск,ХК Сочи,692,:,1:0,1:0,1:0
695,0:1,2015-01-28,СКА,Слован,693,0:0,0:0,0:1,1:0
696,:,2015-01-28,Йокерит,Медвешчак,694,:,0:0,1:2,0:2
697,:,2015-01-28,Динамо Р,Атлант,695,:,0:1,1:0,2:0
698,1:0,2015-01-29,Металлург Нк,Адмирал,696,0:0,2:3,2:0,0:1
699,:,2015-01-29,Сибирь,Амур,697,:,0:0,3:1,1:0
700,1:0,2015-01-29,Нефтехимик,Лада,698,0:0,1:1,2:1,0:1
701,:,2015-01-30,Авангард,Торпедо НН,699,:,1:0,0:1,1:2
702,1:0,2015-01-30,Автомобилист,Динамо Мн,700,0:0,0:1,2:0,1:2
703,:,2015-01-30,Барыс,ЦСКА,701,:,0:2,0:3,1:0
704,:,2015-01-30,Металлург Мг,Югра,702,:,1:0,1:2,3:1
705,:,2015-01-30,Салават Юлаев,Северсталь,703,:,2:0,2:3,0:2
706,:,2015-01-30,Ак Барс,Трактор,704,:,0:1,1:0,1:0
707,:,2015-01-30,ХК Сочи,Витязь,705,:,1:1,1:1,3:0
708,:,2015-01-30,СКА,Атлант,706,:,1:1,0:1,0:1
709,:,2015-01-30,Йокерит,Слован,707,:,1:0,1:0,2:0
710,:,2015-01-30,Динамо Р,Медвешчак,708,:,0:0,0:1,1:1
711,:,2015-01-30,Динамо Мск,Локомотив,709,:,0:0,1:0,0:0
712,:,2015-02-01,Адмирал,Сибирь,710,:,0:0,2:1,0:0
713,:,2015-02-01,Амур,Металлург Нк,711,:,0:1,0:1,0:1
714,:,2015-02-01,Авангард,Северсталь,712,0:1,0:1,0:1,2:0
715,:,2015-02-01,Автомобилист,Югра,713,:,0:0,1:0,1:0
716,:,2015-02-01,Металлург Мг,Трактор,714,:,0:0,1:0,1:0
717,:,2015-02-01,Салават Юлаев,ЦСКА,715,:,0:0,1:2,0:0
718,:,2015-02-01,Ак Барс,Динамо Мн,716,:,1:0,1:1,0:0
719,:,2015-02-01,Лада,Нефтехимик,717,:,0:1,5:0,1:1
720,:,2015-02-01,СКА,Медвешчак,718,:,3:0,0:1,2:1
721,:,2015-02-01,Динамо Р,Слован,719,:,3:0,2:0,1:0
722,:,2015-02-01,Йокерит,Атлант,720,:,0:0,0:0,2:0
723,:,2015-02-01,ХК Сочи,Локомотив,723,:,0:1,2:0,2:0
724,:,2015-02-01,Динамо Мск,Витязь,724,:,1:1,1:1,1:0
725,:,2015-02-02,Амур,Металлург Нк,721,:,0:0,1:1,1:0
726,:,2015-02-02,Адмирал,Сибирь,722,:,0:0,1:2,1:2
727,0:1,2015-02-03,Автомобилист,Лада,725,0:0,1:1,0:0,0:0
728,:,2015-02-03,Трактор,Нефтехимик,726,:,0:1,2:1,0:1
729,:,2015-02-03,Атлант,Слован,727,:,2:0,2:3,0:0
730,:,2015-02-03,Динамо Мн,Медвешчак,728,:,1:0,1:0,1:2
731,:,2015-02-03,Авангард,СКА,729,:,1:2,1:1,0:0
732,:,2015-02-03,Ак Барс,Динамо Мск,731,:,1:1,0:2,0:1
733,:,2015-02-03,ЦСКА,Локомотив,733,:,1:1,2:0,0:1
734,:,2015-02-04,Салават Юлаев,Йокерит,730,:,0:1,0:0,0:1
735,:,2015-02-04,ХК Сочи,Барыс,732,:,1:1,0:3,1:0
736,1:0,2015-02-05,Югра,Лада,734,0:0,1:0,0:1,0:0
737,:,2015-02-05,Нефтехимик,Адмирал,735,:,0:0,1:0,2:2
738,:,2015-02-05,Динамо Р,Автомобилист,736,:,1:2,0:0,0:1
739,:,2015-02-06,Авангард,Йокерит,737,:,1:1,2:0,1:2
740,:,2015-02-06,Северсталь,Металлург Нк,739,:,1:0,1:0,1:0
741,:,2015-02-06,Торпедо НН,Барыс,740,:,0:0,0:1,2:0
742,:,2015-02-06,ХК Сочи,Сибирь,741,:,0:0,4:1,3:2
743,0:1,2015-02-07,Атлант,Автомобилист,742,0:0,1:1,0:1,1:0
744,:,2015-02-07,Витязь,Адмирал,743,:,0:0,1:0,1:1
745,:,2015-02-07,Динамо Мн,Югра,744,:,0:0,1:1,2:0
746,:,2015-02-07,Динамо Р,Трактор,745,:,1:0,1:3,0:1
747,:,2015-02-08,Северсталь,Сибирь,747,:,0:1,0:2,0:0
748,:,2015-02-08,Торпедо НН,Металлург Нк,749,:,2:1,1:1,0:0
749,:,2015-02-09,Йокерит,Динамо Мск,376,:,0:0,0:1,1:1
750,:,2015-02-09,Металлург Мг,ЦСКА,746,:,0:0,1:2,0:1
751,:,2015-02-09,СКА,Ак Барс,748,:,0:2,1:1,0:2
752,:,2015-02-09,Витязь,Амур,750,:,1:1,0:1,2:0
753,:,2015-02-09,Лада,Автомобилист,751,:,1:0,0:1,0:2
754,:,2015-02-09,Локомотив,Адмирал,752,:,0:0,0:2,0:1
755,:,2015-02-09,Атлант,Югра,753,:,3:0,1:1,2:0
756,:,2015-02-09,Динамо Мн,Трактор,754,:,1:0,0:1,1:3
757,1:0,2015-02-11,Металлург Нк,Барыс,756,0:0,1:1,0:0,1:1
758,0:1,2015-02-11,Сибирь,Авангард,757,0:0,0:0,0:1,1:0
759,:,2015-02-11,Металлург Мг,Нефтехимик,758,:,1:1,1:1,2:1
760,:,2015-02-11,Югра,Трактор,759,0:1,0:0,1:1,0:0
761,:,2015-02-11,Витязь,Динамо Мск,760,:,1:2,1:3,1:1
762,:,2015-02-11,Локомотив,Амур,761,1:0,0:0,1:0,0:1
763,1:0,2015-02-11,Северсталь,Медвешчак,762,0:0,1:1,2:1,0:1
764,1:0,2015-02-11,Торпедо НН,ХК Сочи,763,0:0,0:0,0:1,1:0
765,:,2015-02-11,ЦСКА,Слован,764,:,6:0,2:0,4:0
766,:,2015-02-11,СКА,Динамо Р,765,:,0:1,0:0,3:0
767,:,2015-02-12,Адмирал,Салават Юлаев,766,:,0:1,0:1,1:1
768,:,2015-02-12,Динамо Мн,Атлант,767,:,0:1,1:1,1:1
769,:,2015-02-13,Адмирал,Салават Юлаев,768,:,1:1,1:1,4:0
770,:,2015-02-13,Металлург Нк,Авангард,769,:,1:2,1:0,0:1
771,:,2015-02-13,Сибирь,Барыс,770,:,2:0,0:0,2:0
772,:,2015-02-13,Автомобилист,Нефтехимик,771,:,1:1,0:1,1:1
773,:,2015-02-13,Металлург Мг,Трактор,772,1:0,1:1,0:0,0:0
774,:,2015-02-13,Ак Барс,Лада,773,:,0:0,1:1,0:1
775,:,2015-02-13,Витязь,ХК Сочи,774,:,0:3,0:2,1:0
776,:,2015-02-13,Локомотив,Динамо Мск,775,:,2:0,1:1,1:2
777,:,2015-02-13,Торпедо НН,Слован,776,:,0:0,3:0,0:1
778,:,2015-02-13,ЦСКА,Медвешчак,777,:,0:2,4:0,1:0
779,:,2015-02-14,Атлант,Динамо Мн,779,:,1:1,1:2,2:0
780,:,2015-02-15,Адмирал,Авангард,780,:,1:0,1:1,1:0
781,:,2015-02-15,Амур,Барыс,781,:,1:0,1:3,1:2
782,:,2015-02-15,Металлург Нк,Салават Юлаев,782,:,3:0,1:1,1:1
783,:,2015-02-15,Металлург Мг,Лада,783,0:1,0:1,1:0,2:2
784,:,2015-02-15,Трактор,Югра,784,:,0:1,2:0,2:1
785,:,2015-02-15,Ак Барс,Нефтехимик,785,:,0:2,0:0,1:0
786,:,2015-02-15,Локомотив,ХК Сочи,786,0:1,0:1,1:0,0:0
787,:,2015-02-15,Северсталь,Слован,787,:,0:0,2:0,2:2
788,1:0,2015-02-15,СКА,Йокерит,788,0:0,1:0,0:1,0:0
789,:,2015-02-15,Торпедо НН,Медвешчак,789,:,1:0,1:1,1:0
790,:,2015-02-15,ЦСКА,Динамо Мск,790,:,0:0,0:1,0:1
791,:,2015-02-16,Амур,Барыс,791,:,0:1,0:2,2:0
792,:,2015-02-16,Адмирал,Авангард,792,0:1,1:0,1:1,0:1
793,:,2015-02-17,Сибирь,Салават Юлаев,793,:,0:1,2:1,2:0
794,:,2015-02-17,Витязь,Медвешчак,794,:,1:0,0:1,2:0
795,1:0,2015-02-18,Трактор,Ак Барс,795,0:0,0:0,0:0,1:1
796,:,2015-02-18,Лада,Автомобилист,796,:,0:2,1:1,0:0
797,0:1,2015-02-18,Локомотив,ЦСКА,797,0:0,1:1,0:1,1:0
798,:,2015-02-18,Нефтехимик,Металлург Мг,798,:,1:1,2:0,1:1
799,:,2015-02-18,ХК Сочи,Торпедо НН,799,:,1:0,2:0,0:4
800,:,2015-02-18,Атлант,Йокерит,800,:,0:1,0:1,2:2
801,:,2015-02-18,Динамо Мск,Северсталь,801,:,0:1,1:1,0:1
802,:,2015-02-18,Динамо Мн,СКА,802,:,0:2,1:1,0:4
803,:,2015-02-18,Слован,Динамо Р,803,:,1:3,1:0,1:1
804,:,2015-02-20,Авангард,Сибирь,804,:,2:0,0:0,1:0
805,:,2015-02-20,Барыс,Металлург Нк,805,:,2:0,0:0,0:0
806,0:1,2015-02-20,Югра,Ак Барс,806,0:0,1:0,0:0,0:1
807,:,2015-02-20,Лада,Металлург Мг,807,:,0:2,1:1,2:1
808,:,2015-02-20,Локомотив,Торпедо НН,808,:,2:0,0:1,0:0
809,:,2015-02-20,Нефтехимик,Автомобилист,809,:,3:3,1:2,0:0
810,0:1,2015-02-20,ХК Сочи,Северсталь,810,0:0,1:3,0:1,3:0
811,:,2015-02-20,Атлант,СКА,811,:,0:0,0:0,1:0
812,:,2015-02-20,Динамо Мск,ЦСКА,812,1:0,0:1,0:0,1:0
813,:,2015-02-20,Динамо Мн,Йокерит,813,:,0:1,3:0,0:0
814,:,2015-02-20,Медвешчак,Динамо Р,814,:,0:3,1:0,0:0
815,:,2015-02-21,Амур,Адмирал,815,:,0:1,1:0,0:1
816,:,2015-02-22,Барыс,Сибирь,816,:,0:0,0:0,1:0
817,:,2015-02-22,Салават Юлаев,Металлург Нк,817,:,0:0,3:1,1:0
818,:,2015-02-22,Трактор,Металлург Мг,818,:,0:1,1:2,1:1
819,:,2015-02-22,Югра,Автомобилист,819,:,1:0,0:0,0:0
820,:,2015-02-22,Витязь,Северсталь,820,:,1:3,0:0,0:1
821,:,2015-02-22,Динамо Мск,Торпедо НН,821,:,2:0,0:2,0:1
822,:,2015-02-22,Лада,Ак Барс,822,:,0:2,0:1,1:1
823,:,2015-02-22,Динамо Мн,Динамо Р,823,:,0:0,0:0,1:0
824,0:1,2015-02-22,ХК Сочи,ЦСКА,824,0:0,0:0,1:1,1:1
825,:,2015-02-22,Слован,СКА,825,:,1:0,1:0,3:2
826,0:1,2015-02-22,Медвешчак,Йокерит,826,0:0,1:1,3:1,0:2
827,:,2015-02-24,Адмирал,Амур,827,:,1:0,1:0,4:0
828,:,2015-02-24,Авангард,Металлург Нк,828,0:1,0:0,2:0,0:2
829,:,2015-02-24,Барыс,Торпедо НН,829,:,2:0,0:1,2:1
830,:,2015-02-24,Салават Юлаев,Сибирь,830,:,0:0,2:2,1:0
831,1:0,2015-02-24,Трактор,Автомобилист,831,0:0,1:1,1:1,0:0
832,:,2015-02-24,Югра,Металлург Мг,832,1:0,1:1,1:0,1:2
833,:,2015-02-24,Витязь,ЦСКА,833,0:1,0:0,0:1,1:0
834,:,2015-02-24,Локомотив,Северсталь,834,1:0,0:1,0:0,1:0
835,:,2015-02-24,Нефтехимик,Ак Барс,835,:,0:4,0:1,0:1
836,:,2015-02-24,ХК Сочи,Лада,836,:,1:0,1:0,1:1
837,:,2015-02-24,Атлант,Динамо Р,837,:,1:2,3:0,3:0
838,:,2015-02-24,Динамо Мск,Динамо Мн,838,:,0:0,1:1,2:0
839,:,2015-02-24,Слован,Йокерит,839,0:1,0:1,0:1,2:0
